"dllhz82","d14x35kv","b15bvov8","s5fjxzj","fhkxgqi","fhkxgqi 3"
"Schlemmerecke 2","Doner kebab, burger, KÃ¶fte - feast until the doctor comes ğŸ¤¤","15-25","Wolt+","â‚¬1.99","8.4"
"KFC DÃ¼sseldorf BolkerstraÃŸe","Legendary delicious chicken - only at KFC","20-30","Wolt+","â‚¬1.79","7.6"
"Five Guys DÃ¼sseldorf","Fresh, handmade burgers & fries","15-25","Wolt+","â‚¬1.79","8.2"
"eatDOORI DÃ¼sseldorf","Your culinary journey through India","20-30","Wolt+","â‚¬1.79","9.2"
"Hanoi September","The somewhat different Vietnamese in DÃ¼sseldorf","20-30","Wolt+","â‚¬1.99","9.2"
"McDonald's Duesseldorf BolkerstraÃŸe","I'm lovin' it","15-25","Wolt+","â‚¬1.78","8.6"
"Loco Chicken DÃ¼sseldorf Altstadt","Halal, extra big, 3 different flavors - SO LOCOğŸ—","15-25","Wolt+","â‚¬1.79","7.6"
"3h's burger & chicken Dusseldorf","Hand made, Halal & Home delivery ğŸ™Œ","15-25","Wolt+","â‚¬1.99","8.6"
"The Change","The Vegan Kebab Heavenâœ¨","30-40","Wolt+","9.2",""
"To1980 - Vietnamese Street Food","Vietnamese Street Food - healthy and delicious!","25-35","Wolt+","â‚¬1.79","9.0"
"Tasty Tandoori - The Modern Indian Kitchen","Authentic, tasty delicacies ğŸ˜‹ğŸ›","70-80","Wolt+","â‚¬1.00","8.8"
"Saray Restaurant","Turkish and mediterranean dishes","30-40","Wolt+","â‚¬1.99","8.0"
"Preens - Healthy Proteins","BOWLS - WRAPS - SMOOTHIE - PORRIDGE - PROTEIN CREAM","25-35","Wolt+","â‚¬1.79","9.2"
"BURGER KINGÂ® Hunsruecken","Delicious Flame-grilled Burger and much more from BURGER KINGÂ®","15-25","Wolt+","â‚¬1.79","8.4"
"Hulala","Pretty Burger & Drinks ğŸ”","20-30","Wolt+","â‚¬1.79","7.2"
"Hans im Glueck Koe-Bogen","""THERE IS NO MAN UNDER THE SUN AS HAPPY AS I AM!""","20-30","Wolt+","â‚¬1.79","7.4"
"Frittenwerk Schadowstrasse","FRESH.FOOD.FAST","20-30","Wolt+","â‚¬1.79","8.4"
"Subway Altstadt DDorf","Build-your-own sandwiches & salads, with health-conscious options","15-25","Wolt+","â‚¬1.79","8.2"
"Domino's Pizza Duesseldorf Bilk/Friedrichstadt","Hungry for more","25-35","Wolt+","â‚¬1.49","8.0"
"Simply Bowl","Exceptional bowls with streetfood influences","20-30","Wolt+","â‚¬1.79","8.4"
"OAKBERRY DÃ¼sseldorf","There is aÃ§ai and there is OAKBERRY-AÃ§ai ğŸ’œ","15-25","Wolt+","â‚¬1.79","9.0"
"City Chicken KarlstraÃŸe","Chickenlicious!","25-35","","â‚¬1.99","9.6"
"dean&david DÃ¼sseldorf Altstadt","CHANGE FOR BETTER","20-30","Wolt+","â‚¬1.79","7.6"
"China Fresh Tea","Asian tea and milk","20-30","Wolt+","â‚¬1.79","9.8"
"Legends of Napoli","From Naples to your home ğŸ‡®ğŸ‡¹","30-40","Wolt+","â‚¬2.59","9.0"
"Asia 77","Fresh and delicious Asian dishes you can order here conveniently. Among them are many classics.","20-30","Wolt+","â‚¬1.79","8.4"
"Mangal x Podolski Mertensgasse","Cologne kebab, Turkish pizza, falafel and more! ğŸŒ¯","15-25","","â‚¬1.79","6.8"
"Deli Diner","For a little oriental break","25-35","Wolt+","â‚¬1.99","8.6"
"HeimWerk Duesseldorf Mitte","Burger, Schnitzel, Knodel and more! â¤","25-35","Wolt+","â‚¬1.79","8.0"
"El Greco","No need for heroes, only gyros! ğŸŒ¯","25-35","Wolt+","â‚¬1.99","7.8"
"To1980 VEGAN â€“ Vietnamese Street Food","Vegan vietnamese Street Food â€“ healthy and delicious!","30-40","","â‚¬1.79","9.4"
"Starbucks Schadow Arkaden","Its always coffee o'clock â˜•ï¸","20-30","","â‚¬1.79","7.6"
"Felfela Restaurant","Arabic soul food","25-35","Wolt+","â‚¬1.99","8.4"
"Schnitzelhaus am Oberbilker Markt","Every schnitzel you can dream of and much more!","50-60","","â‚¬2.99","9.2"
"HeimWerk DÃ¼sseldorf Altstadt","We love Schnitzel","30-40","Wolt+","â‚¬1.79","8.4"
"Don Panini","Sandwichheaven ğŸ’­ğŸ¥ª","20-30","Wolt+","â‚¬1.79","9.6"
"Chidonkey Medienhafen","Your food will be hot today ğŸŒ¶","30-40","Wolt+","â‚¬2.59","8.2"
"Quang Minh Asia","Aromatic and delicious dishes from Asia!","15-25","","â‚¬1.79","8.8"
"TacoCraze Pempelfort","Mexican streetfood ğŸŒ®","25-35","Wolt+","â‚¬1.99","8.2"
"beets&roots Duesseldorf","Bangin' bowls, salads & wraps","20-30","Wolt+","â‚¬1.79","8.6"
"D & Baba Kebab","Plates packed full of delicious little things!","35-45","Wolt+","â‚¬3.59","8.4"
"Pizzeria Mamma","Italian food made with love! â¤ï¸","20-30","","â‚¬1.99","8.6"
"Fave Fusion Unterbilk - Japanische Burger, Sushi & Bowls","These burgers are one big treat.... ğŸ”","30-40","Wolt+","â‚¬1.50",""
"Sawatdy - Asian Thai Street Kitchen","Introducing Thai street food","30-40","Wolt+","â‚¬2.99","9.0"
"Pizza Pasta Please The Australian Way","From Sydney to Germany","25-35","Wolt+","â‚¬1.79","7.2"
"Urban Gorillas - Vegan Revolution","Join the vegan revolution! ğŸŒ±","30-40","Wolt+","9.0",""
"Ghorban Delikatessen Manufaktur","Selected delicacies to enjoy ğŸ·ğŸ«’","15-25","Wolt+","â‚¬1.79","8.0"
"Karadeniz","Turkish delight","20-30","Wolt+","â‚¬1.99","7.8"
"Wukong Express","Sushi and Noodle to the fullest ğŸ¤©","25-35","","â‚¬1.99",""
"Medina Palace","Eat hearty!","20-30","Wolt+","â‚¬1.99","7.6"